313vets,5
4paws,6
adelaideplains,7
aes,9
almastvet,13
balmainvethospital,16
benallavetclinic,17
bentleighvet,18
bveccs,21
cheltenhamvetclinic,27
dandenongvet,29
drpaws,32
eastportvet,34
eclipseparkvet,35
evehealth,38
familypetvet,40
flindersviewvet,41
gawler,43
goldcoastequine,45
gowrievet,47
greaterspringfieldvet,50
greatwestern,49
greenvale,51
hallvet,52
hopeislandvet,55
kangarooislandvet,59
killarneyvalevet,62
lakeroadvet,63
macleanvet,64
mayfieldvet,65
middlebrightonvet,67
midwestvet,68
mivet,69
mulberrylanevet,72
murraybridgevet,73
mylocalvet,75
navetgroup,76
pawsandclaws,80
petdoctorspalmbeach,82
petsandtheirpeople,81
petstockvet,84
racecourseroadvet,86
randwickequine,88
referralandemergencycentre,23
ripleyvet,89
rivapets,90
rivercountry,91
sheppvets,95
snowyvets,96
southerndownsvet,97
stanthorpevet,101
stbernardsrdvet,99
stephenterracevet,102
struggletownvet,103
sugarland,104
summerhillvet,105
sunbury,106
tallebudgeravet,107
teamlincoln,128
thevetclinic,108
toowongorthodontics,109
turramurravet,110
urallavet,111
vetsoneyre,114
wangarattavet,117
warbystvet,118
wauchopevets,119
westernriversvets,122
westqueanbeyanvet,121
willungaaldinga,124
yambavet,125
yassvalleyvet,126
